Workbook

Sheet KPIs_Mensuales
A1: Medico | B1: Mes (YYYY-MM) | C1: Atenciones | D1: HorasTrabajadas | E1: (oculto)_no_usar | F1: Return72h_pct | G1: Incidentes_100 | H1: ConductaMenos6h_pct | I1: ConductaMas6h_pct | J1: Quejas_pct | K1: CalidadHC_pct | L1: Productividad (Pac/Hora) | M1: Pacientes atendidos por hora (5 días) – Promedio | N1: Score_Pacientes/h (5d) | O1: Score_Reingreso72h | P1: Score_SeguridadPaciente | Q1: Score_Cond<6h | R1: Score_Cond>6h | S1: Score_Quejas | T1: Score_Productividad | U1: Score_CalidadHC | V1: Score_Documentacion | W1: Score_360 | X1: Score_Profesionalismo | Y1: TOTAL_PONDERADO
A2: Dr. Juan Pérez | B2: 2025-07 | C2: 120 | D2: 100 | F2: 3 | G2: 1 | H2: 96 | I2: 4 | J2: 0.5 | K2: 97 | L2: =IF(OR(C2="",D2=""),"",C2/D2) -> 1.2 | M2: =IFERROR(AVERAGEIFS(Prod_5dias!$H$2:$H$1000,Prod_5dias!$A$2:$A$1000,$A2,Prod_5dias!$B$2:$B$1000,$B2),"") | N2: =IF(M2="","",MIN(100,100*M2/Parametros!$B$7)) | O2: =IF(F2="","",IF(F2=0,100,MIN(100,100*Parametros!$B$3/F2))) -> 100 | P2: =IFERROR(((AVERAGEIFS(Observacion_Directa!$E$2:$E$1000,Observacion_Directa!$A$2:$A$1000,$A2,Observacion_Directa!$B$2:$B$1000,">="&DATEVALUE($B2&"-01"),Observacion_Directa!$B$2:$B$1000,"<="&EOMONTH(DATEVALUE($B2&"-01"),0)))-1)/4*100,"") | Q2: =IF(H2="","",MIN(100,100*H2/Parametros!$B$4)) -> 100 | R2: =IF(I2="","",IF(I2=0,100,MIN(100,100*Parametros!$B$5/I2))) -> 100 | S2: =IF(J2="","",IF(J2=0,100,MIN(100,100*Parametros!$B$6/J2))) -> 100 | T2: =IF(L2="","",MIN(100,100*L2/Parametros!$B$7)) -> 100 | U2: =IF(K2="","",MIN(100,100*K2/Parametros!$B$8)) -> 100 | V2: =IFERROR(((AVERAGEIFS(Documentacion!$C$2:$C$1000,Documentacion!$A$2:$A$1000,$A2,Documentacion!$B$2:$B$1000,">="&DATEVALUE($B2&"-01"),Documentacion!$B$2:$B$1000,"<="&EOMONTH(DATEVALUE($B2&"-01"),0)))-1)/4*100,"") | W2: =IFERROR(((AVERAGEIFS(Feedback_360!$D$2:$D$1000,Feedback_360!$A$2:$A$1000,$A2,Feedback_360!$B$2:$B$1000,">="&DATEVALUE($B2&"-01"),Feedback_360!$B$2:$B$1000,"<="&EOMONTH(DATEVALUE($B2&"-01"),0)))-1)/4*100,"") | X2: =IFERROR(((AVERAGEIFS(Observacion_Directa!$D$2:$D$1000,Observacion_Directa!$A$2:$A$1000,$A2,Observacion_Directa!$B$2:$B$1000,">="&DATEVALUE($B2&"-01"),Observacion_Directa!$B$2:$B$1000,"<="&EOMONTH(DATEVALUE($B2&"-01"),0)))-1)/4*100,"") | Y2: =IF(COUNTA(N2:X2)=0,"",AVERAGE(N2:X2)) -> 100
A3: Dra. Mariana Gómez | B3: 2025-07 | C3: 95 | D3: 100 | F3: 6 | G3: 3 | H3: 85 | I3: 15 | J3: 2 | K3: 88 | L3: =IF(OR(C3="",D3=""),"",C3/D3) -> 0.95 | M3: =IFERROR(AVERAGEIFS(Prod_5dias!$H$2:$H$1000,Prod_5dias!$A$2:$A$1000,$A3,Prod_5dias!$B$2:$B$1000,$B3),"") | N3: =IF(M3="","",MIN(100,100*M3/Parametros!$B$7)) | O3: =IF(F3="","",IF(F3=0,100,MIN(100,100*Parametros!$B$3/F3))) -> 66.666667 | P3: =IFERROR(((AVERAGEIFS(Observacion_Directa!$E$2:$E$1000,Observacion_Directa!$A$2:$A$1000,$A3,Observacion_Directa!$B$2:$B$1000,">="&DATEVALUE($B3&"-01"),Observacion_Directa!$B$2:$B$1000,"<="&EOMONTH(DATEVALUE($B3&"-01"),0)))-1)/4*100,"") | Q3: =IF(H3="","",MIN(100,100*H3/Parametros!$B$4)) -> 100 | R3: =IF(I3="","",IF(I3=0,100,MIN(100,100*Parametros!$B$5/I3))) -> 100 | S3: =IF(J3="","",IF(J3=0,100,MIN(100,100*Parametros!$B$6/J3))) -> 100 | T3: =IF(L3="","",MIN(100,100*L3/Parametros!$B$7)) -> 95 | U3: =IF(K3="","",MIN(100,100*K3/Parametros!$B$8)) -> 100 | V3: =IFERROR(((AVERAGEIFS(Documentacion!$C$2:$C$1000,Documentacion!$A$2:$A$1000,$A3,Documentacion!$B$2:$B$1000,">="&DATEVALUE($B3&"-01"),Documentacion!$B$2:$B$1000,"<="&EOMONTH(DATEVALUE($B3&"-01"),0)))-1)/4*100,"") | W3: =IFERROR(((AVERAGEIFS(Feedback_360!$D$2:$D$1000,Feedback_360!$A$2:$A$1000,$A3,Feedback_360!$B$2:$B$1000,">="&DATEVALUE($B3&"-01"),Feedback_360!$B$2:$B$1000,"<="&EOMONTH(DATEVALUE($B3&"-01"),0)))-1)/4*100,"") | X3: =IFERROR(((AVERAGEIFS(Observacion_Directa!$D$2:$D$1000,Observacion_Directa!$A$2:$A$1000,$A3,Observacion_Directa!$B$2:$B$1000,">="&DATEVALUE($B3&"-01"),Observacion_Directa!$B$2:$B$1000,"<="&EOMONTH(DATEVALUE($B3&"-01"),0)))-1)/4*100,"") | Y3: =IF(COUNTA(N3:X3)=0,"",AVERAGE(N3:X3)) -> 93.611111
L4: =IF(OR(C4="",D4=""),"",C4/D4) | M4: =IFERROR(AVERAGEIFS(Prod_5dias!$H$2:$H$1000,Prod_5dias!$A$2:$A$1000,$A4,Prod_5dias!$B$2:$B$1000,$B4),"") | N4: =IF(M4="","",MIN(100,100*M4/Parametros!$B$7)) | O4: =IF(F4="","",IF(F4=0,100,MIN(100,100*Parametros!$B$3/F4))) | P4: =IFERROR(((AVERAGEIFS(Observacion_Directa!$E$2:$E$1000,Observacion_Directa!$A$2:$A$1000,$A4,Observacion_Directa!$B$2:$B$1000,">="&DATEVALUE($B4&"-01"),Observacion_Directa!$B$2:$B$1000,"<="&EOMONTH(DATEVALUE($B4&"-01"),0)))-1)/4*100,"") | Q4: =IF(H4="","",MIN(100,100*H4/Parametros!$B$4)) | R4: =IF(I4="","",IF(I4=0,100,MIN(100,100*Parametros!$B$5/I4))) | S4: =IF(J4="","",IF(J4=0,100,MIN(100,100*Parametros!$B$6/J4))) | T4: =IF(L4="","",MIN(100,100*L4/Parametros!$B$7)) | U4: =IF(K4="","",MIN(100,100*K4/Parametros!$B$8)) | V4: =IFERROR(((AVERAGEIFS(Documentacion!$C$2:$C$1000,Documentacion!$A$2:$A$1000,$A4,Documentacion!$B$2:$B$1000,">="&DATEVALUE($B4&"-01"),Documentacion!$B$2:$B$1000,"<="&EOMONTH(DATEVALUE($B4&"-01"),0)))-1)/4*100,"") | W4: =IFERROR(((AVERAGEIFS(Feedback_360!$D$2:$D$1000,Feedback_360!$A$2:$A$1000,$A4,Feedback_360!$B$2:$B$1000,">="&DATEVALUE($B4&"-01"),Feedback_360!$B$2:$B$1000,"<="&EOMONTH(DATEVALUE($B4&"-01"),0)))-1)/4*100,"") | X4: =IFERROR(((AVERAGEIFS(Observacion_Directa!$D$2:$D$1000,Observacion_Directa!$A$2:$A$1000,$A4,Observacion_Directa!$B$2:$B$1000,">="&DATEVALUE($B4&"-01"),Observacion_Directa!$B$2:$B$1000,"<="&EOMONTH(DATEVALUE($B4&"-01"),0)))-1)/4*100,"") | Y4: =IF(COUNTA(N4:X4)=0,"",AVERAGE(N4:X4)) -> #DIV/0!
L5: =IF(OR(C5="",D5=""),"",C5/D5) | M5: =IFERROR(AVERAGEIFS(Prod_5dias!$H$2:$H$1000,Prod_5dias!$A$2:$A$1000,$A5,Prod_5dias!$B$2:$B$1000,$B5),"") | N5: =IF(M5="","",MIN(100,100*M5/Parametros!$B$7)) | O5: =IF(F5="","",IF(F5=0,100,MIN(100,100*Parametros!$B$3/F5))) | P5: =IFERROR(((AVERAGEIFS(Observacion_Directa!$E$2:$E$1000,Observacion_Directa!$A$2:$A$1000,$A5,Observacion_Directa!$B$2:$B$1000,">="&DATEVALUE($B5&"-01"),Observacion_Directa!$B$2:$B$1000,"<="&EOMONTH(DATEVALUE($B5&"-01"),0)))-1)/4*100,"") | Q5: =IF(H5="","",MIN(100,100*H5/Parametros!$B$4)) | R5: =IF(I5="","",IF(I5=0,100,MIN(100,100*Parametros!$B$5/I5))) | S5: =IF(J5="","",IF(J5=0,100,MIN(100,100*Parametros!$B$6/J5))) | T5: =IF(L5="","",MIN(100,100*L5/Parametros!$B$7)) | U5: =IF(K5="","",MIN(100,100*K5/Parametros!$B$8)) | V5: =IFERROR(((AVERAGEIFS(Documentacion!$C$2:$C$1000,Documentacion!$A$2:$A$1000,$A5,Documentacion!$B$2:$B$1000,">="&DATEVALUE($B5&"-01"),Documentacion!$B$2:$B$1000,"<="&EOMONTH(DATEVALUE($B5&"-01"),0)))-1)/4*100,"") | W5: =IFERROR(((AVERAGEIFS(Feedback_360!$D$2:$D$1000,Feedback_360!$A$2:$A$1000,$A5,Feedback_360!$B$2:$B$1000,">="&DATEVALUE($B5&"-01"),Feedback_360!$B$2:$B$1000,"<="&EOMONTH(DATEVALUE($B5&"-01"),0)))-1)/4*100,"") | X5: =IFERROR(((AVERAGEIFS(Observacion_Directa!$D$2:$D$1000,Observacion_Directa!$A$2:$A$1000,$A5,Observacion_Directa!$B$2:$B$1000,">="&DATEVALUE($B5&"-01"),Observacion_Directa!$B$2:$B$1000,"<="&EOMONTH(DATEVALUE($B5&"-01"),0)))-1)/4*100,"") | Y5: =IF(COUNTA(N5:X5)=0,"",AVERAGE(N5:X5)) -> #DIV/0!
L6: =IF(OR(C6="",D6=""),"",C6/D6) | M6: =IFERROR(AVERAGEIFS(Prod_5dias!$H$2:$H$1000,Prod_5dias!$A$2:$A$1000,$A6,Prod_5dias!$B$2:$B$1000,$B6),"") | N6: =IF(M6="","",MIN(100,100*M6/Parametros!$B$7)) | O6: =IF(F6="","",IF(F6=0,100,MIN(100,100*Parametros!$B$3/F6))) | P6: =IFERROR(((AVERAGEIFS(Observacion_Directa!$E$2:$E$1000,Observacion_Directa!$A$2:$A$1000,$A6,Observacion_Directa!$B$2:$B$1000,">="&DATEVALUE($B6&"-01"),Observacion_Directa!$B$2:$B$1000,"<="&EOMONTH(DATEVALUE($B6&"-01"),0)))-1)/4*100,"") | Q6: =IF(H6="","",MIN(100,100*H6/Parametros!$B$4)) | R6: =IF(I6="","",IF(I6=0,100,MIN(100,100*Parametros!$B$5/I6))) | S6: =IF(J6="","",IF(J6=0,100,MIN(100,100*Parametros!$B$6/J6))) | T6: =IF(L6="","",MIN(100,100*L6/Parametros!$B$7)) | U6: =IF(K6="","",MIN(100,100*K6/Parametros!$B$8)) | V6: =IFERROR(((AVERAGEIFS(Documentacion!$C$2:$C$1000,Documentacion!$A$2:$A$1000,$A6,Documentacion!$B$2:$B$1000,">="&DATEVALUE($B6&"-01"),Documentacion!$B$2:$B$1000,"<="&EOMONTH(DATEVALUE($B6&"-01"),0)))-1)/4*100,"") | W6: =IFERROR(((AVERAGEIFS(Feedback_360!$D$2:$D$1000,Feedback_360!$A$2:$A$1000,$A6,Feedback_360!$B$2:$B$1000,">="&DATEVALUE($B6&"-01"),Feedback_360!$B$2:$B$1000,"<="&EOMONTH(DATEVALUE($B6&"-01"),0)))-1)/4*100,"") | X6: =IFERROR(((AVERAGEIFS(Observacion_Directa!$D$2:$D$1000,Observacion_Directa!$A$2:$A$1000,$A6,Observacion_Directa!$B$2:$B$1000,">="&DATEVALUE($B6&"-01"),Observacion_Directa!$B$2:$B$1000,"<="&EOMONTH(DATEVALUE($B6&"-01"),0)))-1)/4*100,"") | Y6: =IF(COUNTA(N6:X6)=0,"",AVERAGE(N6:X6)) -> #DIV/0!
L7: =IF(OR(C7="",D7=""),"",C7/D7) | M7: =IFERROR(AVERAGEIFS(Prod_5dias!$H$2:$H$1000,Prod_5dias!$A$2:$A$1000,$A7,Prod_5dias!$B$2:$B$1000,$B7),"") | N7: =IF(M7="","",MIN(100,100*M7/Parametros!$B$7)) | O7: =IF(F7="","",IF(F7=0,100,MIN(100,100*Parametros!$B$3/F7))) | P7: =IFERROR(((AVERAGEIFS(Observacion_Directa!$E$2:$E$1000,Observacion_Directa!$A$2:$A$1000,$A7,Observacion_Directa!$B$2:$B$1000,">="&DATEVALUE($B7&"-01"),Observacion_Directa!$B$2:$B$1000,"<="&EOMONTH(DATEVALUE($B7&"-01"),0)))-1)/4*100,"") | Q7: =IF(H7="","",MIN(100,100*H7/Parametros!$B$4)) | R7: =IF(I7="","",IF(I7=0,100,MIN(100,100*Parametros!$B$5/I7))) | S7: =IF(J7="","",IF(J7=0,100,MIN(100,100*Parametros!$B$6/J7))) | T7: =IF(L7="","",MIN(100,100*L7/Parametros!$B$7)) | U7: =IF(K7="","",MIN(100,100*K7/Parametros!$B$8)) | V7: =IFERROR(((AVERAGEIFS(Documentacion!$C$2:$C$1000,Documentacion!$A$2:$A$1000,$A7,Documentacion!$B$2:$B$1000,">="&DATEVALUE($B7&"-01"),Documentacion!$B$2:$B$1000,"<="&EOMONTH(DATEVALUE($B7&"-01"),0)))-1)/4*100,"") | W7: =IFERROR(((AVERAGEIFS(Feedback_360!$D$2:$D$1000,Feedback_360!$A$2:$A$1000,$A7,Feedback_360!$B$2:$B$1000,">="&DATEVALUE($B7&"-01"),Feedback_360!$B$2:$B$1000,"<="&EOMONTH(DATEVALUE($B7&"-01"),0)))-1)/4*100,"") | X7: =IFERROR(((AVERAGEIFS(Observacion_Directa!$D$2:$D$1000,Observacion_Directa!$A$2:$A$1000,$A7,Observacion_Directa!$B$2:$B$1000,">="&DATEVALUE($B7&"-01"),Observacion_Directa!$B$2:$B$1000,"<="&EOMONTH(DATEVALUE($B7&"-01"),0)))-1)/4*100,"") | Y7: =IF(COUNTA(N7:X7)=0,"",AVERAGE(N7:X7)) -> #DIV/0!
L8: =IF(OR(C8="",D8=""),"",C8/D8) | M8: =IFERROR(AVERAGEIFS(Prod_5dias!$H$2:$H$1000,Prod_5dias!$A$2:$A$1000,$A8,Prod_5dias!$B$2:$B$1000,$B8),"") | N8: =IF(M8="","",MIN(100,100*M8/Parametros!$B$7)) | O8: =IF(F8="","",IF(F8=0,100,MIN(100,100*Parametros!$B$3/F8))) | P8: =IFERROR(((AVERAGEIFS(Observacion_Directa!$E$2:$E$1000,Observacion_Directa!$A$2:$A$1000,$A8,Observacion_Directa!$B$2:$B$1000,">="&DATEVALUE($B8&"-01"),Observacion_Directa!$B$2:$B$1000,"<="&EOMONTH(DATEVALUE($B8&"-01"),0)))-1)/4*100,"") | Q8: =IF(H8="","",MIN(100,100*H8/Parametros!$B$4)) | R8: =IF(I8="","",IF(I8=0,100,MIN(100,100*Parametros!$B$5/I8))) | S8: =IF(J8="","",IF(J8=0,100,MIN(100,100*Parametros!$B$6/J8))) | T8: =IF(L8="","",MIN(100,100*L8/Parametros!$B$7)) | U8: =IF(K8="","",MIN(100,100*K8/Parametros!$B$8)) | V8: =IFERROR(((AVERAGEIFS(Documentacion!$C$2:$C$1000,Documentacion!$A$2:$A$1000,$A8,Documentacion!$B$2:$B$1000,">="&DATEVALUE($B8&"-01"),Documentacion!$B$2:$B$1000,"<="&EOMONTH(DATEVALUE($B8&"-01"),0)))-1)/4*100,"") | W8: =IFERROR(((AVERAGEIFS(Feedback_360!$D$2:$D$1000,Feedback_360!$A$2:$A$1000,$A8,Feedback_360!$B$2:$B$1000,">="&DATEVALUE($B8&"-01"),Feedback_360!$B$2:$B$1000,"<="&EOMONTH(DATEVALUE($B8&"-01"),0)))-1)/4*100,"") | X8: =IFERROR(((AVERAGEIFS(Observacion_Directa!$D$2:$D$1000,Observacion_Directa!$A$2:$A$1000,$A8,Observacion_Directa!$B$2:$B$1000,">="&DATEVALUE($B8&"-01"),Observacion_Directa!$B$2:$B$1000,"<="&EOMONTH(DATEVALUE($B8&"-01"),0)))-1)/4*100,"") | Y8: =IF(COUNTA(N8:X8)=0,"",AVERAGE(N8:X8)) -> #DIV/0!
L9: =IF(OR(C9="",D9=""),"",C9/D9) | M9: =IFERROR(AVERAGEIFS(Prod_5dias!$H$2:$H$1000,Prod_5dias!$A$2:$A$1000,$A9,Prod_5dias!$B$2:$B$1000,$B9),"") | N9: =IF(M9="","",MIN(100,100*M9/Parametros!$B$7)) | O9: =IF(F9="","",IF(F9=0,100,MIN(100,100*Parametros!$B$3/F9))) | P9: =IFERROR(((AVERAGEIFS(Observacion_Directa!$E$2:$E$1000,Observacion_Directa!$A$2:$A$1000,$A9,Observacion_Directa!$B$2:$B$1000,">="&DATEVALUE($B9&"-01"),Observacion_Directa!$B$2:$B$1000,"<="&EOMONTH(DATEVALUE($B9&"-01"),0)))-1)/4*100,"") | Q9: =IF(H9="","",MIN(100,100*H9/Parametros!$B$4)) | R9: =IF(I9="","",IF(I9=0,100,MIN(100,100*Parametros!$B$5/I9))) | S9: =IF(J9="","",IF(J9=0,100,MIN(100,100*Parametros!$B$6/J9))) | T9: =IF(L9="","",MIN(100,100*L9/Parametros!$B$7)) | U9: =IF(K9="","",MIN(100,100*K9/Parametros!$B$8)) | V9: =IFERROR(((AVERAGEIFS(Documentacion!$C$2:$C$1000,Documentacion!$A$2:$A$1000,$A9,Documentacion!$B$2:$B$1000,">="&DATEVALUE($B9&"-01"),Documentacion!$B$2:$B$1000,"<="&EOMONTH(DATEVALUE($B9&"-01"),0)))-1)/4*100,"") | W9: =IFERROR(((AVERAGEIFS(Feedback_360!$D$2:$D$1000,Feedback_360!$A$2:$A$1000,$A9,Feedback_360!$B$2:$B$1000,">="&DATEVALUE($B9&"-01"),Feedback_360!$B$2:$B$1000,"<="&EOMONTH(DATEVALUE($B9&"-01"),0)))-1)/4*100,"") | X9: =IFERROR(((AVERAGEIFS(Observacion_Directa!$D$2:$D$1000,Observacion_Directa!$A$2:$A$1000,$A9,Observacion_Directa!$B$2:$B$1000,">="&DATEVALUE($B9&"-01"),Observacion_Directa!$B$2:$B$1000,"<="&EOMONTH(DATEVALUE($B9&"-01"),0)))-1)/4*100,"") | Y9: =IF(COUNTA(N9:X9)=0,"",AVERAGE(N9:X9)) -> #DIV/0!
L10: =IF(OR(C10="",D10=""),"",C10/D10) | M10: =IFERROR(AVERAGEIFS(Prod_5dias!$H$2:$H$1000,Prod_5dias!$A$2:$A$1000,$A10,Prod_5dias!$B$2:$B$1000,$B10),"") | N10: =IF(M10="","",MIN(100,100*M10/Parametros!$B$7)) | O10: =IF(F10="","",IF(F10=0,100,MIN(100,100*Parametros!$B$3/F10))) | P10: =IFERROR(((AVERAGEIFS(Observacion_Directa!$E$2:$E$1000,Observacion_Directa!$A$2:$A$1000,$A10,Observacion_Directa!$B$2:$B$1000,">="&DATEVALUE($B10&"-01"),Observacion_Directa!$B$2:$B$1000,"<="&EOMONTH(DATEVALUE($B10&"-01"),0)))-1)/4*100,"") | Q10: =IF(H10="","",MIN(100,100*H10/Parametros!$B$4)) | R10: =IF(I10="","",IF(I10=0,100,MIN(100,100*Parametros!$B$5/I10))) | S10: =IF(J10="","",IF(J10=0,100,MIN(100,100*Parametros!$B$6/J10))) | T10: =IF(L10="","",MIN(100,100*L10/Parametros!$B$7)) | U10: =IF(K10="","",MIN(100,100*K10/Parametros!$B$8)) | V10: =IFERROR(((AVERAGEIFS(Documentacion!$C$2:$C$1000,Documentacion!$A$2:$A$1000,$A10,Documentacion!$B$2:$B$1000,">="&DATEVALUE($B10&"-01"),Documentacion!$B$2:$B$1000,"<="&EOMONTH(DATEVALUE($B10&"-01"),0)))-1)/4*100,"") | W10: =IFERROR(((AVERAGEIFS(Feedback_360!$D$2:$D$1000,Feedback_360!$A$2:$A$1000,$A10,Feedback_360!$B$2:$B$1000,">="&DATEVALUE($B10&"-01"),Feedback_360!$B$2:$B$1000,"<="&EOMONTH(DATEVALUE($B10&"-01"),0)))-1)/4*100,"") | X10: =IFERROR(((AVERAGEIFS(Observacion_Directa!$D$2:$D$1000,Observacion_Directa!$A$2:$A$1000,$A10,Observacion_Directa!$B$2:$B$1000,">="&DATEVALUE($B10&"-01"),Observacion_Directa!$B$2:$B$1000,"<="&EOMONTH(DATEVALUE($B10&"-01"),0)))-1)/4*100,"") | Y10: =IF(COUNTA(N10:X10)=0,"",AVERAGE(N10:X10)) -> #DIV/0!
L11: =IF(OR(C11="",D11=""),"",C11/D11) | M11: =IFERROR(AVERAGEIFS(Prod_5dias!$H$2:$H$1000,Prod_5dias!$A$2:$A$1000,$A11,Prod_5dias!$B$2:$B$1000,$B11),"") | N11: =IF(M11="","",MIN(100,100*M11/Parametros!$B$7)) | O11: =IF(F11="","",IF(F11=0,100,MIN(100,100*Parametros!$B$3/F11))) | P11: =IFERROR(((AVERAGEIFS(Observacion_Directa!$E$2:$E$1000,Observacion_Directa!$A$2:$A$1000,$A11,Observacion_Directa!$B$2:$B$1000,">="&DATEVALUE($B11&"-01"),Observacion_Directa!$B$2:$B$1000,"<="&EOMONTH(DATEVALUE($B11&"-01"),0)))-1)/4*100,"") | Q11: =IF(H11="","",MIN(100,100*H11/Parametros!$B$4)) | R11: =IF(I11="","",IF(I11=0,100,MIN(100,100*Parametros!$B$5/I11))) | S11: =IF(J11="","",IF(J11=0,100,MIN(100,100*Parametros!$B$6/J11))) | T11: =IF(L11="","",MIN(100,100*L11/Parametros!$B$7)) | U11: =IF(K11="","",MIN(100,100*K11/Parametros!$B$8)) | V11: =IFERROR(((AVERAGEIFS(Documentacion!$C$2:$C$1000,Documentacion!$A$2:$A$1000,$A11,Documentacion!$B$2:$B$1000,">="&DATEVALUE($B11&"-01"),Documentacion!$B$2:$B$1000,"<="&EOMONTH(DATEVALUE($B11&"-01"),0)))-1)/4*100,"") | W11: =IFERROR(((AVERAGEIFS(Feedback_360!$D$2:$D$1000,Feedback_360!$A$2:$A$1000,$A11,Feedback_360!$B$2:$B$1000,">="&DATEVALUE($B11&"-01"),Feedback_360!$B$2:$B$1000,"<="&EOMONTH(DATEVALUE($B11&"-01"),0)))-1)/4*100,"") | X11: =IFERROR(((AVERAGEIFS(Observacion_Directa!$D$2:$D$1000,Observacion_Directa!$A$2:$A$1000,$A11,Observacion_Directa!$B$2:$B$1000,">="&DATEVALUE($B11&"-01"),Observacion_Directa!$B$2:$B$1000,"<="&EOMONTH(DATEVALUE($B11&"-01"),0)))-1)/4*100,"") | Y11: =IF(COUNTA(N11:X11)=0,"",AVERAGE(N11:X11)) -> #DIV/0!
L12: =IF(OR(C12="",D12=""),"",C12/D12) | M12: =IFERROR(AVERAGEIFS(Prod_5dias!$H$2:$H$1000,Prod_5dias!$A$2:$A$1000,$A12,Prod_5dias!$B$2:$B$1000,$B12),"") | N12: =IF(M12="","",MIN(100,100*M12/Parametros!$B$7)) | O12: =IF(F12="","",IF(F12=0,100,MIN(100,100*Parametros!$B$3/F12))) | P12: =IFERROR(((AVERAGEIFS(Observacion_Directa!$E$2:$E$1000,Observacion_Directa!$A$2:$A$1000,$A12,Observacion_Directa!$B$2:$B$1000,">="&DATEVALUE($B12&"-01"),Observacion_Directa!$B$2:$B$1000,"<="&EOMONTH(DATEVALUE($B12&"-01"),0)))-1)/4*100,"") | Q12: =IF(H12="","",MIN(100,100*H12/Parametros!$B$4)) | R12: =IF(I12="","",IF(I12=0,100,MIN(100,100*Parametros!$B$5/I12))) | S12: =IF(J12="","",IF(J12=0,100,MIN(100,100*Parametros!$B$6/J12))) | T12: =IF(L12="","",MIN(100,100*L12/Parametros!$B$7)) | U12: =IF(K12="","",MIN(100,100*K12/Parametros!$B$8)) | V12: =IFERROR(((AVERAGEIFS(Documentacion!$C$2:$C$1000,Documentacion!$A$2:$A$1000,$A12,Documentacion!$B$2:$B$1000,">="&DATEVALUE($B12&"-01"),Documentacion!$B$2:$B$1000,"<="&EOMONTH(DATEVALUE($B12&"-01"),0)))-1)/4*100,"") | W12: =IFERROR(((AVERAGEIFS(Feedback_360!$D$2:$D$1000,Feedback_360!$A$2:$A$1000,$A12,Feedback_360!$B$2:$B$1000,">="&DATEVALUE($B12&"-01"),Feedback_360!$B$2:$B$1000,"<="&EOMONTH(DATEVALUE($B12&"-01"),0)))-1)/4*100,"") | X12: =IFERROR(((AVERAGEIFS(Observacion_Directa!$D$2:$D$1000,Observacion_Directa!$A$2:$A$1000,$A12,Observacion_Directa!$B$2:$B$1000,">="&DATEVALUE($B12&"-01"),Observacion_Directa!$B$2:$B$1000,"<="&EOMONTH(DATEVALUE($B12&"-01"),0)))-1)/4*100,"") | Y12: =IF(COUNTA(N12:X12)=0,"",AVERAGE(N12:X12)) -> #DIV/0!
L13: =IF(OR(C13="",D13=""),"",C13/D13) | M13: =IFERROR(AVERAGEIFS(Prod_5dias!$H$2:$H$1000,Prod_5dias!$A$2:$A$1000,$A13,Prod_5dias!$B$2:$B$1000,$B13),"") | N13: =IF(M13="","",MIN(100,100*M13/Parametros!$B$7)) | O13: =IF(F13="","",IF(F13=0,100,MIN(100,100*Parametros!$B$3/F13))) | P13: =IFERROR(((AVERAGEIFS(Observacion_Directa!$E$2:$E$1000,Observacion_Directa!$A$2:$A$1000,$A13,Observacion_Directa!$B$2:$B$1000,">="&DATEVALUE($B13&"-01"),Observacion_Directa!$B$2:$B$1000,"<="&EOMONTH(DATEVALUE($B13&"-01"),0)))-1)/4*100,"") | Q13: =IF(H13="","",MIN(100,100*H13/Parametros!$B$4)) | R13: =IF(I13="","",IF(I13=0,100,MIN(100,100*Parametros!$B$5/I13))) | S13: =IF(J13="","",IF(J13=0,100,MIN(100,100*Parametros!$B$6/J13))) | T13: =IF(L13="","",MIN(100,100*L13/Parametros!$B$7)) | U13: =IF(K13="","",MIN(100,100*K13/Parametros!$B$8)) | V13: =IFERROR(((AVERAGEIFS(Documentacion!$C$2:$C$1000,Documentacion!$A$2:$A$1000,$A13,Documentacion!$B$2:$B$1000,">="&DATEVALUE($B13&"-01"),Documentacion!$B$2:$B$1000,"<="&EOMONTH(DATEVALUE($B13&"-01"),0)))-1)/4*100,"") | W13: =IFERROR(((AVERAGEIFS(Feedback_360!$D$2:$D$1000,Feedback_360!$A$2:$A$1000,$A13,Feedback_360!$B$2:$B$1000,">="&DATEVALUE($B13&"-01"),Feedback_360!$B$2:$B$1000,"<="&EOMONTH(DATEVALUE($B13&"-01"),0)))-1)/4*100,"") | X13: =IFERROR(((AVERAGEIFS(Observacion_Directa!$D$2:$D$1000,Observacion_Directa!$A$2:$A$1000,$A13,Observacion_Directa!$B$2:$B$1000,">="&DATEVALUE($B13&"-01"),Observacion_Directa!$B$2:$B$1000,"<="&EOMONTH(DATEVALUE($B13&"-01"),0)))-1)/4*100,"") | Y13: =IF(COUNTA(N13:X13)=0,"",AVERAGE(N13:X13)) -> #DIV/0!
L14: =IF(OR(C14="",D14=""),"",C14/D14) | M14: =IFERROR(AVERAGEIFS(Prod_5dias!$H$2:$H$1000,Prod_5dias!$A$2:$A$1000,$A14,Prod_5dias!$B$2:$B$1000,$B14),"") | N14: =IF(M14="","",MIN(100,100*M14/Parametros!$B$7)) | O14: =IF(F14="","",IF(F14=0,100,MIN(100,100*Parametros!$B$3/F14))) | P14: =IFERROR(((AVERAGEIFS(Observacion_Directa!$E$2:$E$1000,Observacion_Directa!$A$2:$A$1000,$A14,Observacion_Directa!$B$2:$B$1000,">="&DATEVALUE($B14&"-01"),Observacion_Directa!$B$2:$B$1000,"<="&EOMONTH(DATEVALUE($B14&"-01"),0)))-1)/4*100,"") | Q14: =IF(H14="","",MIN(100,100*H14/Parametros!$B$4)) | R14: =IF(I14="","",IF(I14=0,100,MIN(100,100*Parametros!$B$5/I14))) | S14: =IF(J14="","",IF(J14=0,100,MIN(100,100*Parametros!$B$6/J14))) | T14: =IF(L14="","",MIN(100,100*L14/Parametros!$B$7)) | U14: =IF(K14="","",MIN(100,100*K14/Parametros!$B$8)) | V14: =IFERROR(((AVERAGEIFS(Documentacion!$C$2:$C$1000,Documentacion!$A$2:$A$1000,$A14,Documentacion!$B$2:$B$1000,">="&DATEVALUE($B14&"-01"),Documentacion!$B$2:$B$1000,"<="&EOMONTH(DATEVALUE($B14&"-01"),0)))-1)/4*100,"") | W14: =IFERROR(((AVERAGEIFS(Feedback_360!$D$2:$D$1000,Feedback_360!$A$2:$A$1000,$A14,Feedback_360!$B$2:$B$1000,">="&DATEVALUE($B14&"-01"),Feedback_360!$B$2:$B$1000,"<="&EOMONTH(DATEVALUE($B14&"-01"),0)))-1)/4*100,"") | X14: =IFERROR(((AVERAGEIFS(Observacion_Directa!$D$2:$D$1000,Observacion_Directa!$A$2:$A$1000,$A14,Observacion_Directa!$B$2:$B$1000,">="&DATEVALUE($B14&"-01"),Observacion_Directa!$B$2:$B$1000,"<="&EOMONTH(DATEVALUE($B14&"-01"),0)))-1)/4*100,"") | Y14: =IF(COUNTA(N14:X14)=0,"",AVERAGE(N14:X14)) -> #DIV/0!
L15: =IF(OR(C15="",D15=""),"",C15/D15) | M15: =IFERROR(AVERAGEIFS(Prod_5dias!$H$2:$H$1000,Prod_5dias!$A$2:$A$1000,$A15,Prod_5dias!$B$2:$B$1000,$B15),"") | N15: =IF(M15="","",MIN(100,100*M15/Parametros!$B$7)) | O15: =IF(F15="","",IF(F15=0,100,MIN(100,100*Parametros!$B$3/F15))) | P15: =IFERROR(((AVERAGEIFS(Observacion_Directa!$E$2:$E$1000,Observacion_Directa!$A$2:$A$1000,$A15,Observacion_Directa!$B$2:$B$1000,">="&DATEVALUE($B15&"-01"),Observacion_Directa!$B$2:$B$1000,"<="&EOMONTH(DATEVALUE($B15&"-01"),0)))-1)/4*100,"") | Q15: =IF(H15="","",MIN(100,100*H15/Parametros!$B$4)) | R15: =IF(I15="","",IF(I15=0,100,MIN(100,100*Parametros!$B$5/I15))) | S15: =IF(J15="","",IF(J15=0,100,MIN(100,100*Parametros!$B$6/J15))) | T15: =IF(L15="","",MIN(100,100*L15/Parametros!$B$7)) | U15: =IF(K15="","",MIN(100,100*K15/Parametros!$B$8)) | V15: =IFERROR(((AVERAGEIFS(Documentacion!$C$2:$C$1000,Documentacion!$A$2:$A$1000,$A15,Documentacion!$B$2:$B$1000,">="&DATEVALUE($B15&"-01"),Documentacion!$B$2:$B$1000,"<="&EOMONTH(DATEVALUE($B15&"-01"),0)))-1)/4*100,"") | W15: =IFERROR(((AVERAGEIFS(Feedback_360!$D$2:$D$1000,Feedback_360!$A$2:$A$1000,$A15,Feedback_360!$B$2:$B$1000,">="&DATEVALUE($B15&"-01"),Feedback_360!$B$2:$B$1000,"<="&EOMONTH(DATEVALUE($B15&"-01"),0)))-1)/4*100,"") | X15: =IFERROR(((AVERAGEIFS(Observacion_Directa!$D$2:$D$1000,Observacion_Directa!$A$2:$A$1000,$A15,Observacion_Directa!$B$2:$B$1000,">="&DATEVALUE($B15&"-01"),Observacion_Directa!$B$2:$B$1000,"<="&EOMONTH(DATEVALUE($B15&"-01"),0)))-1)/4*100,"") | Y15: =IF(COUNTA(N15:X15)=0,"",AVERAGE(N15:X15)) -> #DIV/0!
... L1001: =IF(OR(C1001="",D1001=""),"",C1001/D1001) | M1001: =IFERROR(AVERAGEIFS(Prod_5dias!$H$2:$H$1000,Prod_5dias!$A$2:$A$1000,$A1001,Prod_5dias!$B$2:$B$1000,$B1001),"") | N1001: =IF(M1001="","",MIN(100,100*M1001/Parametros!$B$7)) | O1001: =IF(F1001="","",IF(F1001=0,100,MIN(100,100*Parametros!$B$3/F1001))) | P1001: =IFERROR(((AVERAGEIFS(Observacion_Directa!$E$2:$E$1000,Observacion_Directa!$A$2:$A$1000,$A1001,Observacion_Directa!$B$2:$B$1000,">="&DATEVALUE($B1001&"-01"),Observacion_Directa!$B$2:$B$1000,"<="&EOMONTH(DATEVALUE($B1001&"-01"),0)))-1)/4*100,"") | Q1001: =IF(H1001="","",MIN(100,100*H1001/Parametros!$B$4)) | R1001: =IF(I1001="","",IF(I1001=0,100,MIN(100,100*Parametros!$B$5/I1001))) | S1001: =IF(J1001="","",IF(J1001=0,100,MIN(100,100*Parametros!$B$6/J1001))) | T1001: =IF(L1001="","",MIN(100,100*L1001/Parametros!$B$7)) | U1001: =IF(K1001="","",MIN(100,100*K1001/Parametros!$B$8)) | V1001: =IFERROR(((AVERAGEIFS(Documentacion!$C$2:$C$1000,Documentacion!$A$2:$A$1000,$A1001,Documentacion!$B$2:$B$1000,">="&DATEVALUE($B1001&"-01"),Documentacion!$B$2:$B$1000,"<="&EOMONTH(DATEVALUE($B1001&"-01"),0)))-1)/4*100,"") | W1001: =IFERROR(((AVERAGEIFS(Feedback_360!$D$2:$D$1000,Feedback_360!$A$2:$A$1000,$A1001,Feedback_360!$B$2:$B$1000,">="&DATEVALUE($B1001&"-01"),Feedback_360!$B$2:$B$1000,"<="&EOMONTH(DATEVALUE($B1001&"-01"),0)))-1)/4*100,"") | X1001: =IFERROR(((AVERAGEIFS(Observacion_Directa!$D$2:$D$1000,Observacion_Directa!$A$2:$A$1000,$A1001,Observacion_Directa!$B$2:$B$1000,">="&DATEVALUE($B1001&"-01"),Observacion_Directa!$B$2:$B$1000,"<="&EOMONTH(DATEVALUE($B1001&"-01"),0)))-1)/4*100,"") | Y1001: =IF(COUNTA(N1001:X1001)=0,"",AVERAGE(N1001:X1001)) -> #DIV/0!

Sheet Documentacion
A1: Medico | B1: Fecha | C1: Calidad documentación (1-5) | D1: Estructura/claridad (1-5) | E1: Historia y examen (1-5) | F1: Justificación paraclínicos (1-5) | G1: Plan y egreso (1-5) | H1: Global (auto) 1-5 | I1: Comentarios

Sheet Feedback_360
A1: Medico | B1: Fecha | C1: Evaluador | D1: Feedback global (1-5) | E1: Comunicación (1-5) | F1: Trabajo en equipo (1-5) | G1: Cortesía/respeto (1-5) | H1: Gestión de conflictos (1-5) | I1: Global (auto) 1-5 | J1: Comentarios

Sheet Observacion_Directa
A1: Medico | B1: Fecha | C1: Caso | D1: Profesionalismo (1-5) | E1: Seguridad paciente (1-5) | F1: Ética/Responsabilidad (1-5) | G1: Comentarios

Sheet Prod_5dias
A1: Medico | B1: Mes (YYYY-MM) | C1: Dia1_pacientes_por_hora | D1: Dia2_pacientes_por_hora | E1: Dia3_pacientes_por_hora | F1: Dia4_pacientes_por_hora | G1: Dia5_pacientes_por_hora | H1: Promedio_5d
H2: =IF(COUNTIF(C2:G2,"<>")=0,"",AVERAGE(C2:G2))
H3: =IF(COUNTIF(C3:G3,"<>")=0,"",AVERAGE(C3:G3))
H4: =IF(COUNTIF(C4:G4,"<>")=0,"",AVERAGE(C4:G4))
H5: =IF(COUNTIF(C5:G5,"<>")=0,"",AVERAGE(C5:G5))
H6: =IF(COUNTIF(C6:G6,"<>")=0,"",AVERAGE(C6:G6))
H7: =IF(COUNTIF(C7:G7,"<>")=0,"",AVERAGE(C7:G7))
H8: =IF(COUNTIF(C8:G8,"<>")=0,"",AVERAGE(C8:G8))
H9: =IF(COUNTIF(C9:G9,"<>")=0,"",AVERAGE(C9:G9))
H10: =IF(COUNTIF(C10:G10,"<>")=0,"",AVERAGE(C10:G10))
H11: =IF(COUNTIF(C11:G11,"<>")=0,"",AVERAGE(C11:G11))
H12: =IF(COUNTIF(C12:G12,"<>")=0,"",AVERAGE(C12:G12))
H13: =IF(COUNTIF(C13:G13,"<>")=0,"",AVERAGE(C13:G13))
... H1001: =IF(COUNTIF(C1001:G1001,"<>")=0,"",AVERAGE(C1001:G1001))

Sheet Parametros
A1: Ítem | B1: Meta
A2: DTP objetivo (min) (no se usa) | B2: 20
A3: Reingreso 72h (%) | B3: 4
A4: Incidentes por 100 atenciones | B4: 0.1
A5: Conducta <6h (%) | B5: 95
A6: Conducta >6h (%) | B6: 5
A7: Quejas (%) | B7: 1
A8: Productividad (pacientes/hora) | B8: 1
A9: Calidad historia clínica (%) | B9: 95
A10: Documentación (1-5 → 0-100) | B10: 80
A11: Feedback 360° (1-5 → 0-100) | B11: 80
A12: Profesionalismo (1-5 → 0-100) | B12: 80
A13: Seguridad del paciente (1-5 → 0-100) | B13: 80
